{
  "svm": {
    "accuracy": 0.5789319248826291,
    "f1": 0.36250555308751664,
    "precision": 0.3116883116883117,
    "recall": 0.43312101910828027,
    "auc_roc": 0.5736420843643402,
    "train_time_sec": 25.36
  },
  "random_forest": {
    "accuracy": 0.6258802816901409,
    "f1": 0.21922841396203308,
    "precision": 0.2590448625180897,
    "recall": 0.19002123142250532,
    "auc_roc": 0.5466389607795531,
    "train_time_sec": 21.86
  },
  "xgboost": {
    "accuracy": 0.6470070422535211,
    "f1": 0.2651191203420892,
    "precision": 0.3122302158273381,
    "recall": 0.23036093418259024,
    "auc_roc": 0.5659403126684265,
    "train_time_sec": 8.26
  },
  "lda": {
    "accuracy": 0.6848591549295775,
    "f1": 0.1529968454258675,
    "precision": 0.29754601226993865,
    "recall": 0.1029723991507431,
    "auc_roc": 0.5772166001139919,
    "train_time_sec": 6.23
  }
}