{
  "accuracy": 0.9184272300469484,
  "f1": 0.8508583690987125,
  "precision": 0.8600867678958786,
  "recall": 0.8418259023354565,
  "auc_roc": 0.9685712957366683
}