{
  "accuracy": 0.7995892018779343,
  "f1": 0.5220433869839048,
  "precision": 0.7659137577002053,
  "recall": 0.39596602972399153,
  "auc_roc": 0.8074423626285637
}