{
  "accuracy": 0.9110915492957746,
  "f1": 0.8384,
  "precision": 0.842443729903537,
  "recall": 0.8343949044585988,
  "auc_roc": 0.9677826508455547
}