{
  "accuracy": 0.7767018779342723,
  "f1": 0.47697594501718216,
  "precision": 0.6764132553606238,
  "recall": 0.36836518046709127,
  "auc_roc": 0.7257278606888073
}