{
  "accuracy": 0.7816901408450704,
  "f1": 0.51875808538163,
  "precision": 0.6639072847682119,
  "recall": 0.4256900212314225,
  "auc_roc": 0.7638518673492407
}